<soap:Envelope xmlns:soap="http://schemas.xmlsoap.org/soap/envelope/">
   <soap:Header>
      <wsse:Security soap:mustUnderstand="1" xmlns:wsse="http://docs.oasis-open.org/wss/2004/01/oasis-200401-wss-wssecurity-secext-1.0.xsd">
         <wsse:UsernameToken wsu:Id="UsernameToken-2" xmlns:wsu="http://docs.oasis-open.org/wss/2004/01/oasis-200401-wss-wssecurity-utility-1.0.xsd">
            <wsse:Username>testwservice</wsse:Username>
            <wsse:Password Type="http://docs.oasis-open.org/wss/2004/01/oasis-200401-wss-username-token-profile-1.0#PasswordText">testwservicepsw</wsse:Password>
         </wsse:UsernameToken>
      </wsse:Security>
   </soap:Header>
   <soap:Body>
      <ns1:sendMedicamentos xmlns:ns1="http://business.mywebservice.inssjp.com/">
         <arg0>
            <cuit_destino>20259171289</cuit_destino>
            <cuit_origen>20259171289</cuit_origen>
            <f_evento>02/03/2013</f_evento>
            <gln_destino>glnws</gln_destino>
            <gln_origen>9999999999918</gln_origen>
            <gtin>GTIN2</gtin>
            <h_evento>13:15</h_evento>
            <id_evento>133</id_evento>
            <lote>1</lote>
            <n_factura>2</n_factura>
            <n_remito>2</n_remito>
            <numero_serial>586</numero_serial>
            <vencimiento>02/05/2011</vencimiento>
         </arg0>
         <arg1>9999999999918</arg1>
         <arg2>Pami1111</arg2>
      </ns1:sendMedicamentos>
   </soap:Body>
</soap:Envelope>